id,pattern,params,description,source_path,verified,vc_count,tokens,priority,created_at
aggregator,aggregator,{},aggregator variant,C:\Users\goldf\Posit\patterns\aggregator.dfy,t,6,0,0,2026-08-10 17:11:00.668718+00
aggregator-r01-v000,aggregator,"{""operation"": ""Sum"", ""collectionType"": ""seq<int>""}","aggregator variant (operation=Sum, collectionType=seq<int>)",C:\Users\goldf\Posit\.posit\staging\batch-variants\aggregator-r01-v000.dfy,t,6,0,0,2026-08-10 18:06:07.413474+00
aggregator-r01-v001,aggregator,"{""operation"": ""Sum"", ""collectionType"": ""seq<string>""}","aggregator variant (operation=Sum, collectionType=seq<string>)",C:\Users\goldf\Posit\.posit\staging\batch-variants\aggregator-r01-v001.dfy,t,6,0,0,2026-08-10 18:06:18.505847+00
aggregator-r01-v002,aggregator,"{""operation"": ""Sum"", ""collectionType"": ""seq<bool>""}","aggregator variant (operation=Sum, collectionType=seq<bool>)",C:\Users\goldf\Posit\.posit\staging\batch-variants\aggregator-r01-v002.dfy,t,6,0,0,2026-08-10 18:06:29.591224+00
aggregator-r01-v003,aggregator,"{""operation"": ""Max"", ""collectionType"": ""seq<int>""}","aggregator variant (operation=Max, collectionType=seq<int>)",C:\Users\goldf\Posit\.posit\staging\batch-variants\aggregator-r01-v003.dfy,t,6,0,0,2026-08-10 18:06:40.333717+00
aggregator-r01-v004,aggregator,"{""operation"": ""Max"", ""collectionType"": ""seq<string>""}","aggregator variant (operation=Max, collectionType=seq<string>)",C:\Users\goldf\Posit\.posit\staging\batch-variants\aggregator-r01-v004.dfy,t,6,0,0,2026-08-10 18:06:51.562903+00
aggregator-r01-v005,aggregator,"{""operation"": ""Max"", ""collectionType"": ""seq<bool>""}","aggregator variant (operation=Max, collectionType=seq<bool>)",C:\Users\goldf\Posit\.posit\staging\batch-variants\aggregator-r01-v005.dfy,t,6,0,0,2026-08-10 18:07:02.104238+00
aggregator-r01-v006,aggregator,"{""operation"": ""Min"", ""collectionType"": ""seq<int>""}","aggregator variant (operation=Min, collectionType=seq<int>)",C:\Users\goldf\Posit\.posit\staging\batch-variants\aggregator-r01-v006.dfy,t,6,0,0,2026-08-10 18:07:12.857759+00
aggregator-r01-v007,aggregator,"{""operation"": ""Min"", ""collectionType"": ""seq<string>""}","aggregator variant (operation=Min, collectionType=seq<string>)",C:\Users\goldf\Posit\.posit\staging\batch-variants\aggregator-r01-v007.dfy,t,6,0,0,2026-08-10 18:07:23.732695+00
aggregator-r01-v008,aggregator,"{""operation"": ""Min"", ""collectionType"": ""seq<bool>""}","aggregator variant (operation=Min, collectionType=seq<bool>)",C:\Users\goldf\Posit\.posit\staging\batch-variants\aggregator-r01-v008.dfy,t,6,0,0,2026-08-10 18:07:34.538145+00
aggregator-r01-v009,aggregator,"{""operation"": ""CountPositive"", ""collectionType"": ""seq<int>""}","aggregator variant (operation=CountPositive, collectionType=seq<int>)",C:\Users\goldf\Posit\.posit\staging\batch-variants\aggregator-r01-v009.dfy,t,6,0,0,2026-08-10 18:07:45.400942+00
aggregator-r01-v010,aggregator,"{""operation"": ""CountPositive"", ""collectionType"": ""seq<string>""}","aggregator variant (operation=CountPositive, collectionType=seq<string>)",C:\Users\goldf\Posit\.posit\staging\batch-variants\aggregator-r01-v010.dfy,t,6,0,0,2026-08-10 18:07:56.311235+00
aggregator-r01-v011,aggregator,"{""operation"": ""CountPositive"", ""collectionType"": ""seq<bool>""}","aggregator variant (operation=CountPositive, collectionType=seq<bool>)",C:\Users\goldf\Posit\.posit\staging\batch-variants\aggregator-r01-v011.dfy,t,6,0,0,2026-08-10 18:08:07.240119+00
aggregator-r01-v012,aggregator,"{""operation"": ""CountNegative"", ""collectionType"": ""seq<int>""}","aggregator variant (operation=CountNegative, collectionType=seq<int>)",C:\Users\goldf\Posit\.posit\staging\batch-variants\aggregator-r01-v012.dfy,t,6,0,0,2026-08-10 18:08:17.715626+00
aggregator-r01-v013,aggregator,"{""operation"": ""CountNegative"", ""collectionType"": ""seq<string>""}","aggregator variant (operation=CountNegative, collectionType=seq<string>)",C:\Users\goldf\Posit\.posit\staging\batch-variants\aggregator-r01-v013.dfy,t,6,0,0,2026-08-10 18:08:28.812932+00
aggregator-r01-v014,aggregator,"{""operation"": ""CountNegative"", ""collectionType"": ""seq<bool>""}","aggregator variant (operation=CountNegative, collectionType=seq<bool>)",C:\Users\goldf\Posit\.posit\staging\batch-variants\aggregator-r01-v014.dfy,t,6,0,0,2026-08-10 18:08:39.799501+00
aggregator-r01-v015,aggregator,"{""operation"": ""Average"", ""collectionType"": ""seq<int>""}","aggregator variant (operation=Average, collectionType=seq<int>)",C:\Users\goldf\Posit\.posit\staging\batch-variants\aggregator-r01-v015.dfy,t,6,0,0,2026-08-10 18:08:50.853544+00
aggregator-r01-v016,aggregator,"{""operation"": ""Average"", ""collectionType"": ""seq<string>""}","aggregator variant (operation=Average, collectionType=seq<string>)",C:\Users\goldf\Posit\.posit\staging\batch-variants\aggregator-r01-v016.dfy,t,6,0,0,2026-08-10 18:09:01.448586+00
aggregator-r01-v017,aggregator,"{""operation"": ""Average"", ""collectionType"": ""seq<bool>""}","aggregator variant (operation=Average, collectionType=seq<bool>)",C:\Users\goldf\Posit\.posit\staging\batch-variants\aggregator-r01-v017.dfy,t,6,0,0,2026-08-10 18:09:12.679261+00
aggregator-r01-v018,aggregator,"{""operation"": ""Count"", ""collectionType"": ""seq<int>""}","aggregator variant (operation=Count, collectionType=seq<int>)",C:\Users\goldf\Posit\.posit\staging\batch-variants\aggregator-r01-v018.dfy,t,6,0,0,2026-08-10 18:09:23.841374+00
aggregator-r01-v019,aggregator,"{""operation"": ""Count"", ""collectionType"": ""seq<string>""}","aggregator variant (operation=Count, collectionType=seq<string>)",C:\Users\goldf\Posit\.posit\staging\batch-variants\aggregator-r01-v019.dfy,t,6,0,0,2026-08-10 18:09:34.605177+00
aggregator-r02-v000,aggregator,"{""operation"": ""Sum"", ""collectionType"": ""seq<int>""}","aggregator variant (operation=Sum, collectionType=seq<int>)",C:\Users\goldf\Posit\.posit\staging\batch-variants\aggregator-r02-v000.dfy,t,6,0,0,2026-08-10 18:09:45.606588+00
aggregator-r02-v001,aggregator,"{""operation"": ""Sum"", ""collectionType"": ""seq<string>""}","aggregator variant (operation=Sum, collectionType=seq<string>)",C:\Users\goldf\Posit\.posit\staging\batch-variants\aggregator-r02-v001.dfy,t,6,0,0,2026-08-10 18:09:56.366577+00
aggregator-r02-v002,aggregator,"{""operation"": ""Sum"", ""collectionType"": ""seq<bool>""}","aggregator variant (operation=Sum, collectionType=seq<bool>)",C:\Users\goldf\Posit\.posit\staging\batch-variants\aggregator-r02-v002.dfy,t,6,0,0,2026-08-10 18:10:08.333454+00
aggregator-r02-v003,aggregator,"{""operation"": ""Max"", ""collectionType"": ""seq<int>""}","aggregator variant (operation=Max, collectionType=seq<int>)",C:\Users\goldf\Posit\.posit\staging\batch-variants\aggregator-r02-v003.dfy,t,6,0,0,2026-08-10 18:10:19.78364+00
aggregator-r02-v004,aggregator,"{""operation"": ""Max"", ""collectionType"": ""seq<string>""}","aggregator variant (operation=Max, collectionType=seq<string>)",C:\Users\goldf\Posit\.posit\staging\batch-variants\aggregator-r02-v004.dfy,t,6,0,0,2026-08-10 18:10:31.09485+00
aggregator-r02-v005,aggregator,"{""operation"": ""Max"", ""collectionType"": ""seq<bool>""}","aggregator variant (operation=Max, collectionType=seq<bool>)",C:\Users\goldf\Posit\.posit\staging\batch-variants\aggregator-r02-v005.dfy,t,6,0,0,2026-08-10 18:10:42.719503+00
aggregator-r02-v006,aggregator,"{""operation"": ""Min"", ""collectionType"": ""seq<int>""}","aggregator variant (operation=Min, collectionType=seq<int>)",C:\Users\goldf\Posit\.posit\staging\batch-variants\aggregator-r02-v006.dfy,t,6,0,0,2026-08-10 18:10:56.035578+00
aggregator-r02-v007,aggregator,"{""operation"": ""Min"", ""collectionType"": ""seq<string>""}","aggregator variant (operation=Min, collectionType=seq<string>)",C:\Users\goldf\Posit\.posit\staging\batch-variants\aggregator-r02-v007.dfy,t,6,0,0,2026-08-10 18:11:07.333223+00
aggregator-r02-v008,aggregator,"{""operation"": ""Min"", ""collectionType"": ""seq<bool>""}","aggregator variant (operation=Min, collectionType=seq<bool>)",C:\Users\goldf\Posit\.posit\staging\batch-variants\aggregator-r02-v008.dfy,t,6,0,0,2026-08-10 18:11:19.538638+00
aggregator-r02-v009,aggregator,"{""operation"": ""CountPositive"", ""collectionType"": ""seq<int>""}","aggregator variant (operation=CountPositive, collectionType=seq<int>)",C:\Users\goldf\Posit\.posit\staging\batch-variants\aggregator-r02-v009.dfy,t,6,0,0,2026-08-10 18:11:31.284471+00
aggregator-r02-v010,aggregator,"{""operation"": ""CountPositive"", ""collectionType"": ""seq<string>""}","aggregator variant (operation=CountPositive, collectionType=seq<string>)",C:\Users\goldf\Posit\.posit\staging\batch-variants\aggregator-r02-v010.dfy,t,6,0,0,2026-08-10 18:11:42.329977+00
aggregator-r02-v011,aggregator,"{""operation"": ""CountPositive"", ""collectionType"": ""seq<bool>""}","aggregator variant (operation=CountPositive, collectionType=seq<bool>)",C:\Users\goldf\Posit\.posit\staging\batch-variants\aggregator-r02-v011.dfy,t,6,0,0,2026-08-10 18:11:53.983998+00
aggregator-r02-v012,aggregator,"{""operation"": ""CountNegative"", ""collectionType"": ""seq<int>""}","aggregator variant (operation=CountNegative, collectionType=seq<int>)",C:\Users\goldf\Posit\.posit\staging\batch-variants\aggregator-r02-v012.dfy,t,6,0,0,2026-08-10 18:12:05.181668+00
aggregator-r02-v013,aggregator,"{""operation"": ""CountNegative"", ""collectionType"": ""seq<string>""}","aggregator variant (operation=CountNegative, collectionType=seq<string>)",C:\Users\goldf\Posit\.posit\staging\batch-variants\aggregator-r02-v013.dfy,t,6,0,0,2026-08-10 18:12:16.746865+00
aggregator-r02-v014,aggregator,"{""operation"": ""CountNegative"", ""collectionType"": ""seq<bool>""}","aggregator variant (operation=CountNegative, collectionType=seq<bool>)",C:\Users\goldf\Posit\.posit\staging\batch-variants\aggregator-r02-v014.dfy,t,6,0,0,2026-08-10 18:12:28.669051+00
aggregator-r02-v015,aggregator,"{""operation"": ""Average"", ""collectionType"": ""seq<int>""}","aggregator variant (operation=Average, collectionType=seq<int>)",C:\Users\goldf\Posit\.posit\staging\batch-variants\aggregator-r02-v015.dfy,t,6,0,0,2026-08-10 18:12:40.879926+00
aggregator-r02-v016,aggregator,"{""operation"": ""Average"", ""collectionType"": ""seq<string>""}","aggregator variant (operation=Average, collectionType=seq<string>)",C:\Users\goldf\Posit\.posit\staging\batch-variants\aggregator-r02-v016.dfy,t,6,0,0,2026-08-10 18:12:51.867253+00
aggregator-r02-v017,aggregator,"{""operation"": ""Average"", ""collectionType"": ""seq<bool>""}","aggregator variant (operation=Average, collectionType=seq<bool>)",C:\Users\goldf\Posit\.posit\staging\batch-variants\aggregator-r02-v017.dfy,t,6,0,0,2026-08-10 18:13:02.510849+00
aggregator-r02-v018,aggregator,"{""operation"": ""Count"", ""collectionType"": ""seq<int>""}","aggregator variant (operation=Count, collectionType=seq<int>)",C:\Users\goldf\Posit\.posit\staging\batch-variants\aggregator-r02-v018.dfy,t,6,0,0,2026-08-10 18:13:13.314502+00
aggregator-r02-v019,aggregator,"{""operation"": ""Count"", ""collectionType"": ""seq<string>""}","aggregator variant (operation=Count, collectionType=seq<string>)",C:\Users\goldf\Posit\.posit\staging\batch-variants\aggregator-r02-v019.dfy,t,6,0,0,2026-08-10 18:13:24.274679+00
aggregator-r03-v000,aggregator,"{""operation"": ""Sum"", ""collectionType"": ""seq<int>""}","aggregator variant (operation=Sum, collectionType=seq<int>)",C:\Users\goldf\Posit\.posit\staging\batch-variants\aggregator-r03-v000.dfy,t,6,0,0,2026-08-10 18:13:34.952189+00
aggregator-r03-v001,aggregator,"{""operation"": ""Sum"", ""collectionType"": ""seq<string>""}","aggregator variant (operation=Sum, collectionType=seq<string>)",C:\Users\goldf\Posit\.posit\staging\batch-variants\aggregator-r03-v001.dfy,t,6,0,0,2026-08-10 18:13:45.973738+00
aggregator-r03-v002,aggregator,"{""operation"": ""Sum"", ""collectionType"": ""seq<bool>""}","aggregator variant (operation=Sum, collectionType=seq<bool>)",C:\Users\goldf\Posit\.posit\staging\batch-variants\aggregator-r03-v002.dfy,t,6,0,0,2026-08-10 18:13:57.081141+00
aggregator-r03-v003,aggregator,"{""operation"": ""Max"", ""collectionType"": ""seq<int>""}","aggregator variant (operation=Max, collectionType=seq<int>)",C:\Users\goldf\Posit\.posit\staging\batch-variants\aggregator-r03-v003.dfy,t,6,0,0,2026-08-10 18:14:08.090458+00
aggregator-r03-v004,aggregator,"{""operation"": ""Max"", ""collectionType"": ""seq<string>""}","aggregator variant (operation=Max, collectionType=seq<string>)",C:\Users\goldf\Posit\.posit\staging\batch-variants\aggregator-r03-v004.dfy,t,6,0,0,2026-08-10 18:14:18.840176+00
aggregator-r03-v005,aggregator,"{""operation"": ""Max"", ""collectionType"": ""seq<bool>""}","aggregator variant (operation=Max, collectionType=seq<bool>)",C:\Users\goldf\Posit\.posit\staging\batch-variants\aggregator-r03-v005.dfy,t,6,0,0,2026-08-10 18:14:29.555088+00
aggregator-r03-v006,aggregator,"{""operation"": ""Min"", ""collectionType"": ""seq<int>""}","aggregator variant (operation=Min, collectionType=seq<int>)",C:\Users\goldf\Posit\.posit\staging\batch-variants\aggregator-r03-v006.dfy,t,6,0,0,2026-08-10 18:14:40.346167+00
aggregator-r03-v007,aggregator,"{""operation"": ""Min"", ""collectionType"": ""seq<string>""}","aggregator variant (operation=Min, collectionType=seq<string>)",C:\Users\goldf\Posit\.posit\staging\batch-variants\aggregator-r03-v007.dfy,t,6,0,0,2026-08-10 18:14:50.159304+00
aggregator-r03-v008,aggregator,"{""operation"": ""Min"", ""collectionType"": ""seq<bool>""}","aggregator variant (operation=Min, collectionType=seq<bool>)",C:\Users\goldf\Posit\.posit\staging\batch-variants\aggregator-r03-v008.dfy,t,6,0,0,2026-08-10 18:15:00.411017+00
aggregator-r03-v009,aggregator,"{""operation"": ""CountPositive"", ""collectionType"": ""seq<int>""}","aggregator variant (operation=CountPositive, collectionType=seq<int>)",C:\Users\goldf\Posit\.posit\staging\batch-variants\aggregator-r03-v009.dfy,t,6,0,0,2026-08-10 18:15:10.58005+00
aggregator-r03-v010,aggregator,"{""operation"": ""CountPositive"", ""collectionType"": ""seq<string>""}","aggregator variant (operation=CountPositive, collectionType=seq<string>)",C:\Users\goldf\Posit\.posit\staging\batch-variants\aggregator-r03-v010.dfy,t,6,0,0,2026-08-10 18:15:21.918174+00
aggregator-r03-v011,aggregator,"{""operation"": ""CountPositive"", ""collectionType"": ""seq<bool>""}","aggregator variant (operation=CountPositive, collectionType=seq<bool>)",C:\Users\goldf\Posit\.posit\staging\batch-variants\aggregator-r03-v011.dfy,t,6,0,0,2026-08-10 18:15:32.798617+00
aggregator-r03-v012,aggregator,"{""operation"": ""CountNegative"", ""collectionType"": ""seq<int>""}","aggregator variant (operation=CountNegative, collectionType=seq<int>)",C:\Users\goldf\Posit\.posit\staging\batch-variants\aggregator-r03-v012.dfy,t,6,0,0,2026-08-10 18:15:43.891839+00
aggregator-r03-v013,aggregator,"{""operation"": ""CountNegative"", ""collectionType"": ""seq<string>""}","aggregator variant (operation=CountNegative, collectionType=seq<string>)",C:\Users\goldf\Posit\.posit\staging\batch-variants\aggregator-r03-v013.dfy,t,6,0,0,2026-08-10 18:15:55.074422+00
aggregator-r03-v014,aggregator,"{""operation"": ""CountNegative"", ""collectionType"": ""seq<bool>""}","aggregator variant (operation=CountNegative, collectionType=seq<bool>)",C:\Users\goldf\Posit\.posit\staging\batch-variants\aggregator-r03-v014.dfy,t,6,0,0,2026-08-10 18:16:06.475482+00
aggregator-r03-v015,aggregator,"{""operation"": ""Average"", ""collectionType"": ""seq<int>""}","aggregator variant (operation=Average, collectionType=seq<int>)",C:\Users\goldf\Posit\.posit\staging\batch-variants\aggregator-r03-v015.dfy,t,6,0,0,2026-08-10 18:16:17.419941+00
aggregator-r03-v016,aggregator,"{""operation"": ""Average"", ""collectionType"": ""seq<string>""}","aggregator variant (operation=Average, collectionType=seq<string>)",C:\Users\goldf\Posit\.posit\staging\batch-variants\aggregator-r03-v016.dfy,t,6,0,0,2026-08-10 18:16:28.290374+00
aggregator-r03-v017,aggregator,"{""operation"": ""Average"", ""collectionType"": ""seq<bool>""}","aggregator variant (operation=Average, collectionType=seq<bool>)",C:\Users\goldf\Posit\.posit\staging\batch-variants\aggregator-r03-v017.dfy,t,6,0,0,2026-08-10 18:16:39.277118+00
aggregator-r03-v018,aggregator,"{""operation"": ""Count"", ""collectionType"": ""seq<int>""}","aggregator variant (operation=Count, collectionType=seq<int>)",C:\Users\goldf\Posit\.posit\staging\batch-variants\aggregator-r03-v018.dfy,t,6,0,0,2026-08-10 18:16:50.082305+00
aggregator-r03-v019,aggregator,"{""operation"": ""Count"", ""collectionType"": ""seq<string>""}","aggregator variant (operation=Count, collectionType=seq<string>)",C:\Users\goldf\Posit\.posit\staging\batch-variants\aggregator-r03-v019.dfy,t,6,0,0,2026-08-10 18:17:00.845901+00
aggregator-r04-v000,aggregator,"{""operation"": ""Sum"", ""collectionType"": ""seq<int>""}","aggregator variant (operation=Sum, collectionType=seq<int>)",C:\Users\goldf\Posit\.posit\staging\batch-variants\aggregator-r04-v000.dfy,t,6,0,0,2026-08-10 18:17:11.77562+00
aggregator-r04-v001,aggregator,"{""operation"": ""Sum"", ""collectionType"": ""seq<string>""}","aggregator variant (operation=Sum, collectionType=seq<string>)",C:\Users\goldf\Posit\.posit\staging\batch-variants\aggregator-r04-v001.dfy,t,6,0,0,2026-08-10 18:17:22.604858+00
aggregator-r04-v002,aggregator,"{""operation"": ""Sum"", ""collectionType"": ""seq<bool>""}","aggregator variant (operation=Sum, collectionType=seq<bool>)",C:\Users\goldf\Posit\.posit\staging\batch-variants\aggregator-r04-v002.dfy,t,6,0,0,2026-08-10 18:17:33.439593+00
aggregator-r04-v003,aggregator,"{""operation"": ""Max"", ""collectionType"": ""seq<int>""}","aggregator variant (operation=Max, collectionType=seq<int>)",C:\Users\goldf\Posit\.posit\staging\batch-variants\aggregator-r04-v003.dfy,t,6,0,0,2026-08-10 18:17:44.439662+00
aggregator-r04-v004,aggregator,"{""operation"": ""Max"", ""collectionType"": ""seq<string>""}","aggregator variant (operation=Max, collectionType=seq<string>)",C:\Users\goldf\Posit\.posit\staging\batch-variants\aggregator-r04-v004.dfy,t,6,0,0,2026-08-10 18:17:55.345185+00
aggregator-r04-v005,aggregator,"{""operation"": ""Max"", ""collectionType"": ""seq<bool>""}","aggregator variant (operation=Max, collectionType=seq<bool>)",C:\Users\goldf\Posit\.posit\staging\batch-variants\aggregator-r04-v005.dfy,t,6,0,0,2026-08-10 18:18:06.279288+00
aggregator-r04-v006,aggregator,"{""operation"": ""Min"", ""collectionType"": ""seq<int>""}","aggregator variant (operation=Min, collectionType=seq<int>)",C:\Users\goldf\Posit\.posit\staging\batch-variants\aggregator-r04-v006.dfy,t,6,0,0,2026-08-10 18:18:17.186494+00
aggregator-r04-v007,aggregator,"{""operation"": ""Min"", ""collectionType"": ""seq<string>""}","aggregator variant (operation=Min, collectionType=seq<string>)",C:\Users\goldf\Posit\.posit\staging\batch-variants\aggregator-r04-v007.dfy,t,6,0,0,2026-08-10 18:18:29.135594+00
aggregator-r04-v008,aggregator,"{""operation"": ""Min"", ""collectionType"": ""seq<bool>""}","aggregator variant (operation=Min, collectionType=seq<bool>)",C:\Users\goldf\Posit\.posit\staging\batch-variants\aggregator-r04-v008.dfy,t,6,0,0,2026-08-10 18:18:41.272356+00
aggregator-r04-v009,aggregator,"{""operation"": ""CountPositive"", ""collectionType"": ""seq<int>""}","aggregator variant (operation=CountPositive, collectionType=seq<int>)",C:\Users\goldf\Posit\.posit\staging\batch-variants\aggregator-r04-v009.dfy,t,6,0,0,2026-08-10 18:18:51.697991+00
aggregator-r04-v010,aggregator,"{""operation"": ""CountPositive"", ""collectionType"": ""seq<string>""}","aggregator variant (operation=CountPositive, collectionType=seq<string>)",C:\Users\goldf\Posit\.posit\staging\batch-variants\aggregator-r04-v010.dfy,t,6,0,0,2026-08-10 18:19:02.325621+00
aggregator-r04-v011,aggregator,"{""operation"": ""CountPositive"", ""collectionType"": ""seq<bool>""}","aggregator variant (operation=CountPositive, collectionType=seq<bool>)",C:\Users\goldf\Posit\.posit\staging\batch-variants\aggregator-r04-v011.dfy,t,6,0,0,2026-08-10 18:19:12.763361+00
aggregator-r04-v012,aggregator,"{""operation"": ""CountNegative"", ""collectionType"": ""seq<int>""}","aggregator variant (operation=CountNegative, collectionType=seq<int>)",C:\Users\goldf\Posit\.posit\staging\batch-variants\aggregator-r04-v012.dfy,t,6,0,0,2026-08-10 18:19:23.639987+00
aggregator-r04-v013,aggregator,"{""operation"": ""CountNegative"", ""collectionType"": ""seq<string>""}","aggregator variant (operation=CountNegative, collectionType=seq<string>)",C:\Users\goldf\Posit\.posit\staging\batch-variants\aggregator-r04-v013.dfy,t,6,0,0,2026-08-10 18:19:34.841277+00
aggregator-r04-v014,aggregator,"{""operation"": ""CountNegative"", ""collectionType"": ""seq<bool>""}","aggregator variant (operation=CountNegative, collectionType=seq<bool>)",C:\Users\goldf\Posit\.posit\staging\batch-variants\aggregator-r04-v014.dfy,t,6,0,0,2026-08-10 18:19:45.609847+00
aggregator-r04-v015,aggregator,"{""operation"": ""Average"", ""collectionType"": ""seq<int>""}","aggregator variant (operation=Average, collectionType=seq<int>)",C:\Users\goldf\Posit\.posit\staging\batch-variants\aggregator-r04-v015.dfy,t,6,0,0,2026-08-10 18:19:56.8214+00
aggregator-r04-v016,aggregator,"{""operation"": ""Average"", ""collectionType"": ""seq<string>""}","aggregator variant (operation=Average, collectionType=seq<string>)",C:\Users\goldf\Posit\.posit\staging\batch-variants\aggregator-r04-v016.dfy,t,6,0,0,2026-08-10 18:20:08.358676+00
aggregator-r04-v017,aggregator,"{""operation"": ""Average"", ""collectionType"": ""seq<bool>""}","aggregator variant (operation=Average, collectionType=seq<bool>)",C:\Users\goldf\Posit\.posit\staging\batch-variants\aggregator-r04-v017.dfy,t,6,0,0,2026-08-10 18:20:19.833656+00
aggregator-r04-v018,aggregator,"{""operation"": ""Count"", ""collectionType"": ""seq<int>""}","aggregator variant (operation=Count, collectionType=seq<int>)",C:\Users\goldf\Posit\.posit\staging\batch-variants\aggregator-r04-v018.dfy,t,6,0,0,2026-08-10 18:20:31.303105+00
aggregator-r04-v019,aggregator,"{""operation"": ""Count"", ""collectionType"": ""seq<string>""}","aggregator variant (operation=Count, collectionType=seq<string>)",C:\Users\goldf\Posit\.posit\staging\batch-variants\aggregator-r04-v019.dfy,t,6,0,0,2026-08-10 18:20:42.817775+00
aggregator-v000,aggregator,"{""operation"": ""Sum"", ""collectionType"": ""seq<int>""}","aggregator variant (operation=Sum, collectionType=seq<int>)",C:\Users\goldf\Posit\.posit\staging\batch-variants\aggregator-v000.dfy,t,6,0,0,2026-08-10 18:20:54.210711+00
aggregator-v001,aggregator,"{""operation"": ""Sum"", ""collectionType"": ""seq<string>""}","aggregator variant (operation=Sum, collectionType=seq<string>)",C:\Users\goldf\Posit\.posit\staging\batch-variants\aggregator-v001.dfy,t,6,0,0,2026-08-10 18:21:05.559061+00
aggregator-v002,aggregator,"{""operation"": ""Sum"", ""collectionType"": ""seq<bool>""}","aggregator variant (operation=Sum, collectionType=seq<bool>)",C:\Users\goldf\Posit\.posit\staging\batch-variants\aggregator-v002.dfy,t,6,0,0,2026-08-10 18:21:16.610867+00
aggregator-v003,aggregator,"{""operation"": ""Max"", ""collectionType"": ""seq<int>""}","aggregator variant (operation=Max, collectionType=seq<int>)",C:\Users\goldf\Posit\.posit\staging\batch-variants\aggregator-v003.dfy,t,6,0,0,2026-08-10 18:21:27.939115+00
aggregator-v004,aggregator,"{""operation"": ""Max"", ""collectionType"": ""seq<string>""}","aggregator variant (operation=Max, collectionType=seq<string>)",C:\Users\goldf\Posit\.posit\staging\batch-variants\aggregator-v004.dfy,t,6,0,0,2026-08-10 18:21:38.956219+00
aggregator-v005,aggregator,"{""operation"": ""Max"", ""collectionType"": ""seq<bool>""}","aggregator variant (operation=Max, collectionType=seq<bool>)",C:\Users\goldf\Posit\.posit\staging\batch-variants\aggregator-v005.dfy,t,6,0,0,2026-08-10 18:21:50.179765+00
aggregator-v006,aggregator,"{""operation"": ""Min"", ""collectionType"": ""seq<int>""}","aggregator variant (operation=Min, collectionType=seq<int>)",C:\Users\goldf\Posit\.posit\staging\batch-variants\aggregator-v006.dfy,t,6,0,0,2026-08-10 18:22:01.034059+00
aggregator-v007,aggregator,"{""operation"": ""Min"", ""collectionType"": ""seq<string>""}","aggregator variant (operation=Min, collectionType=seq<string>)",C:\Users\goldf\Posit\.posit\staging\batch-variants\aggregator-v007.dfy,t,6,0,0,2026-08-10 18:22:11.996239+00
aggregator-v008,aggregator,"{""operation"": ""Min"", ""collectionType"": ""seq<bool>""}","aggregator variant (operation=Min, collectionType=seq<bool>)",C:\Users\goldf\Posit\.posit\staging\batch-variants\aggregator-v008.dfy,t,6,0,0,2026-08-10 18:22:23.362343+00
aggregator-v009,aggregator,"{""operation"": ""CountPositive"", ""collectionType"": ""seq<int>""}","aggregator variant (operation=CountPositive, collectionType=seq<int>)",C:\Users\goldf\Posit\.posit\staging\batch-variants\aggregator-v009.dfy,t,6,0,0,2026-08-10 18:22:35.225273+00
aggregator-v010,aggregator,"{""operation"": ""CountPositive"", ""collectionType"": ""seq<string>""}","aggregator variant (operation=CountPositive, collectionType=seq<string>)",C:\Users\goldf\Posit\.posit\staging\batch-variants\aggregator-v010.dfy,t,6,0,0,2026-08-10 18:22:46.795494+00
aggregator-v011,aggregator,"{""operation"": ""CountPositive"", ""collectionType"": ""seq<bool>""}","aggregator variant (operation=CountPositive, collectionType=seq<bool>)",C:\Users\goldf\Posit\.posit\staging\batch-variants\aggregator-v011.dfy,t,6,0,0,2026-08-10 18:22:58.881281+00
aggregator-v012,aggregator,"{""operation"": ""CountNegative"", ""collectionType"": ""seq<int>""}","aggregator variant (operation=CountNegative, collectionType=seq<int>)",C:\Users\goldf\Posit\.posit\staging\batch-variants\aggregator-v012.dfy,t,6,0,0,2026-08-10 18:23:10.193275+00
aggregator-v013,aggregator,"{""operation"": ""CountNegative"", ""collectionType"": ""seq<string>""}","aggregator variant (operation=CountNegative, collectionType=seq<string>)",C:\Users\goldf\Posit\.posit\staging\batch-variants\aggregator-v013.dfy,t,6,0,0,2026-08-10 18:23:21.429418+00
aggregator-v014,aggregator,"{""operation"": ""CountNegative"", ""collectionType"": ""seq<bool>""}","aggregator variant (operation=CountNegative, collectionType=seq<bool>)",C:\Users\goldf\Posit\.posit\staging\batch-variants\aggregator-v014.dfy,t,6,0,0,2026-08-10 18:23:33.217096+00
aggregator-v015,aggregator,"{""operation"": ""Average"", ""collectionType"": ""seq<int>""}","aggregator variant (operation=Average, collectionType=seq<int>)",C:\Users\goldf\Posit\.posit\staging\batch-variants\aggregator-v015.dfy,t,6,0,0,2026-08-10 18:23:44.769743+00
aggregator-v016,aggregator,"{""operation"": ""Average"", ""collectionType"": ""seq<string>""}","aggregator variant (operation=Average, collectionType=seq<string>)",C:\Users\goldf\Posit\.posit\staging\batch-variants\aggregator-v016.dfy,t,6,0,0,2026-08-10 18:23:56.457692+00
aggregator-v017,aggregator,"{""operation"": ""Average"", ""collectionType"": ""seq<bool>""}","aggregator variant (operation=Average, collectionType=seq<bool>)",C:\Users\goldf\Posit\.posit\staging\batch-variants\aggregator-v017.dfy,t,6,0,0,2026-08-10 18:24:07.530429+00
aggregator-v018,aggregator,"{""operation"": ""Count"", ""collectionType"": ""seq<int>""}","aggregator variant (operation=Count, collectionType=seq<int>)",C:\Users\goldf\Posit\.posit\staging\batch-variants\aggregator-v018.dfy,t,6,0,0,2026-08-10 18:24:18.628815+00
aggregator-v019,aggregator,"{""operation"": ""Count"", ""collectionType"": ""seq<string>""}","aggregator variant (operation=Count, collectionType=seq<string>)",C:\Users\goldf\Posit\.posit\staging\batch-variants\aggregator-v019.dfy,t,6,0,0,2026-08-10 18:24:30.171304+00
builder,builder,{},builder variant,C:\Users\goldf\Posit\patterns\builder.dfy,t,3,0,0,2026-08-10 17:11:12.117163+00
filter-r01-v000,filter,"{""feature"": ""basic"", ""predicate"": ""even""}","filter variant (predicate=even, feature=basic)",C:\Users\goldf\Posit\.posit\staging\batch-variants\filter-r01-v000.dfy,t,10,0,0,2026-08-10 18:31:30.687614+00
filter-r01-v001,filter,"{""feature"": ""chained"", ""predicate"": ""even""}","filter variant (predicate=even, feature=chained)",C:\Users\goldf\Posit\.posit\staging\batch-variants\filter-r01-v001.dfy,t,10,0,0,2026-08-10 18:31:43.082953+00
filter-r01-v002,filter,"{""feature"": ""negated"", ""predicate"": ""even""}","filter variant (predicate=even, feature=negated)",C:\Users\goldf\Posit\.posit\staging\batch-variants\filter-r01-v002.dfy,t,10,0,0,2026-08-10 18:31:54.551056+00
filter-r01-v003,filter,"{""feature"": ""combined"", ""predicate"": ""even""}","filter variant (predicate=even, feature=combined)",C:\Users\goldf\Posit\.posit\staging\batch-variants\filter-r01-v003.dfy,t,10,0,0,2026-08-10 18:32:06.703874+00
filter-r01-v004,filter,"{""feature"": ""basic"", ""predicate"": ""odd""}","filter variant (predicate=odd, feature=basic)",C:\Users\goldf\Posit\.posit\staging\batch-variants\filter-r01-v004.dfy,t,10,0,0,2026-08-10 18:32:20.592879+00
filter-r01-v005,filter,"{""feature"": ""chained"", ""predicate"": ""odd""}","filter variant (predicate=odd, feature=chained)",C:\Users\goldf\Posit\.posit\staging\batch-variants\filter-r01-v005.dfy,t,10,0,0,2026-08-10 18:32:34.994283+00
filter-r01-v006,filter,"{""feature"": ""negated"", ""predicate"": ""odd""}","filter variant (predicate=odd, feature=negated)",C:\Users\goldf\Posit\.posit\staging\batch-variants\filter-r01-v006.dfy,t,10,0,0,2026-08-10 18:32:50.436547+00
filter-r01-v007,filter,"{""feature"": ""combined"", ""predicate"": ""odd""}","filter variant (predicate=odd, feature=combined)",C:\Users\goldf\Posit\.posit\staging\batch-variants\filter-r01-v007.dfy,t,10,0,0,2026-08-10 18:33:06.082224+00
filter-r01-v008,filter,"{""feature"": ""basic"", ""predicate"": ""positive""}","filter variant (predicate=positive, feature=basic)",C:\Users\goldf\Posit\.posit\staging\batch-variants\filter-r01-v008.dfy,t,10,0,0,2026-08-10 18:33:21.434992+00
filter-r01-v009,filter,"{""feature"": ""chained"", ""predicate"": ""positive""}","filter variant (predicate=positive, feature=chained)",C:\Users\goldf\Posit\.posit\staging\batch-variants\filter-r01-v009.dfy,t,10,0,0,2026-08-10 18:33:36.104535+00
filter-r01-v010,filter,"{""feature"": ""negated"", ""predicate"": ""positive""}","filter variant (predicate=positive, feature=negated)",C:\Users\goldf\Posit\.posit\staging\batch-variants\filter-r01-v010.dfy,t,10,0,0,2026-08-10 18:33:51.011123+00
filter-r01-v011,filter,"{""feature"": ""combined"", ""predicate"": ""positive""}","filter variant (predicate=positive, feature=combined)",C:\Users\goldf\Posit\.posit\staging\batch-variants\filter-r01-v011.dfy,t,10,0,0,2026-08-10 18:34:06.341141+00
filter-r01-v012,filter,"{""feature"": ""basic"", ""predicate"": ""nonEmpty""}","filter variant (predicate=nonEmpty, feature=basic)",C:\Users\goldf\Posit\.posit\staging\batch-variants\filter-r01-v012.dfy,t,10,0,0,2026-08-10 18:34:21.497252+00
filter-r01-v013,filter,"{""feature"": ""chained"", ""predicate"": ""nonEmpty""}","filter variant (predicate=nonEmpty, feature=chained)",C:\Users\goldf\Posit\.posit\staging\batch-variants\filter-r01-v013.dfy,t,10,0,0,2026-08-10 18:34:34.722579+00
filter-r01-v014,filter,"{""feature"": ""negated"", ""predicate"": ""nonEmpty""}","filter variant (predicate=nonEmpty, feature=negated)",C:\Users\goldf\Posit\.posit\staging\batch-variants\filter-r01-v014.dfy,t,10,0,0,2026-08-10 18:34:47.51632+00
filter-r01-v015,filter,"{""feature"": ""combined"", ""predicate"": ""nonEmpty""}","filter variant (predicate=nonEmpty, feature=combined)",C:\Users\goldf\Posit\.posit\staging\batch-variants\filter-r01-v015.dfy,t,10,0,0,2026-08-10 18:35:00.127158+00
filter-r01-v016,filter,"{""feature"": ""basic"", ""predicate"": ""startsWith""}","filter variant (predicate=startsWith, feature=basic)",C:\Users\goldf\Posit\.posit\staging\batch-variants\filter-r01-v016.dfy,t,10,0,0,2026-08-10 18:35:13.438989+00
filter-r01-v017,filter,"{""feature"": ""chained"", ""predicate"": ""startsWith""}","filter variant (predicate=startsWith, feature=chained)",C:\Users\goldf\Posit\.posit\staging\batch-variants\filter-r01-v017.dfy,t,10,0,0,2026-08-10 18:35:27.027028+00
filter-r01-v018,filter,"{""feature"": ""negated"", ""predicate"": ""startsWith""}","filter variant (predicate=startsWith, feature=negated)",C:\Users\goldf\Posit\.posit\staging\batch-variants\filter-r01-v018.dfy,t,10,0,0,2026-08-10 18:35:40.635257+00
filter-r01-v019,filter,"{""feature"": ""combined"", ""predicate"": ""startsWith""}","filter variant (predicate=startsWith, feature=combined)",C:\Users\goldf\Posit\.posit\staging\batch-variants\filter-r01-v019.dfy,t,10,0,0,2026-08-10 18:35:55.206655+00
filter-r02-v000,filter,"{""feature"": ""basic"", ""predicate"": ""even""}","filter variant (predicate=even, feature=basic)",C:\Users\goldf\Posit\.posit\staging\batch-variants\filter-r02-v000.dfy,t,10,0,0,2026-08-10 18:36:10.10528+00
filter-r02-v001,filter,"{""feature"": ""chained"", ""predicate"": ""even""}","filter variant (predicate=even, feature=chained)",C:\Users\goldf\Posit\.posit\staging\batch-variants\filter-r02-v001.dfy,t,10,0,0,2026-08-10 18:36:24.482664+00
filter-r02-v002,filter,"{""feature"": ""negated"", ""predicate"": ""even""}","filter variant (predicate=even, feature=negated)",C:\Users\goldf\Posit\.posit\staging\batch-variants\filter-r02-v002.dfy,t,10,0,0,2026-08-10 18:36:38.518461+00
filter-r02-v003,filter,"{""feature"": ""combined"", ""predicate"": ""even""}","filter variant (predicate=even, feature=combined)",C:\Users\goldf\Posit\.posit\staging\batch-variants\filter-r02-v003.dfy,t,10,0,0,2026-08-10 18:36:52.329314+00
filter-r02-v004,filter,"{""feature"": ""basic"", ""predicate"": ""odd""}","filter variant (predicate=odd, feature=basic)",C:\Users\goldf\Posit\.posit\staging\batch-variants\filter-r02-v004.dfy,t,10,0,0,2026-08-10 18:37:05.951668+00
filter-r02-v005,filter,"{""feature"": ""chained"", ""predicate"": ""odd""}","filter variant (predicate=odd, feature=chained)",C:\Users\goldf\Posit\.posit\staging\batch-variants\filter-r02-v005.dfy,t,10,0,0,2026-08-10 18:37:19.966815+00
frames,frames,{},frames variant,C:\Users\goldf\Posit\patterns\frames.dfy,t,2,0,0,2026-08-10 17:11:59.527804+00
iterator,iterator,{},iterator variant,C:\Users\goldf\Posit\patterns\iterator.dfy,t,3,0,0,2026-08-10 17:12:24.045224+00
parser,parser,{},parser variant,C:\Users\goldf\Posit\patterns\parser.dfy,t,4,0,0,2026-08-10 17:12:56.922407+00
repository,repository,{},repository variant,C:\Users\goldf\Posit\patterns\repository.dfy,t,7,0,0,2026-08-10 17:13:44.539813+00
result,result,{},result variant,C:\Users\goldf\Posit\patterns\result.dfy,t,2,0,0,2026-08-10 17:13:56.075484+00
state-machine,state-machine,{},state-machine variant,C:\Users\goldf\Posit\patterns\state-machine.dfy,t,2,0,0,2026-08-10 17:14:20.869133+00
transformer,transformer,{},transformer variant,C:\Users\goldf\Posit\patterns\transformer.dfy,t,5,0,0,2026-08-10 17:14:53.989578+00
adapter,unknown,{},unknown variant,C:\Users\goldf\Posit\patterns\adapter.dfy,t,7,0,0,2026-08-10 17:10:45.105959+00
adapter-r01-v000,unknown,{},unknown variant,C:\Users\goldf\Posit\.posit\staging\batch-variants\adapter-r01-v000.dfy,f,0,0,0,2026-08-10 17:56:41.335844+00
adapter-r01-v001,unknown,{},unknown variant,C:\Users\goldf\Posit\.posit\staging\batch-variants\adapter-r01-v001.dfy,f,0,0,0,2026-08-10 17:56:44.404168+00
adapter-r01-v002,unknown,{},unknown variant,C:\Users\goldf\Posit\.posit\staging\batch-variants\adapter-r01-v002.dfy,f,0,0,0,2026-08-10 17:56:47.323844+00
adapter-r01-v003,unknown,{},unknown variant,C:\Users\goldf\Posit\.posit\staging\batch-variants\adapter-r01-v003.dfy,f,0,0,0,2026-08-10 17:56:50.283275+00
adapter-r01-v004,unknown,{},unknown variant,C:\Users\goldf\Posit\.posit\staging\batch-variants\adapter-r01-v004.dfy,f,0,0,0,2026-08-10 17:56:53.289615+00
adapter-r01-v005,unknown,{},unknown variant,C:\Users\goldf\Posit\.posit\staging\batch-variants\adapter-r01-v005.dfy,f,0,0,0,2026-08-10 17:56:56.165398+00
adapter-r01-v006,unknown,{},unknown variant,C:\Users\goldf\Posit\.posit\staging\batch-variants\adapter-r01-v006.dfy,f,0,0,0,2026-08-10 17:57:03.417874+00
adapter-r01-v007,unknown,{},unknown variant,C:\Users\goldf\Posit\.posit\staging\batch-variants\adapter-r01-v007.dfy,f,0,0,0,2026-08-10 17:57:06.383248+00
adapter-r01-v008,unknown,{},unknown variant,C:\Users\goldf\Posit\.posit\staging\batch-variants\adapter-r01-v008.dfy,f,0,0,0,2026-08-10 17:57:09.353468+00
adapter-r01-v009,unknown,{},unknown variant,C:\Users\goldf\Posit\.posit\staging\batch-variants\adapter-r01-v009.dfy,f,0,0,0,2026-08-10 17:57:17.330915+00
adapter-r01-v010,unknown,{},unknown variant,C:\Users\goldf\Posit\.posit\staging\batch-variants\adapter-r01-v010.dfy,f,0,0,0,2026-08-10 17:57:20.265095+00
adapter-r01-v011,unknown,{},unknown variant,C:\Users\goldf\Posit\.posit\staging\batch-variants\adapter-r01-v011.dfy,f,0,0,0,2026-08-10 17:57:23.191182+00
adapter-r01-v012,unknown,{},unknown variant,C:\Users\goldf\Posit\.posit\staging\batch-variants\adapter-r01-v012.dfy,f,0,0,0,2026-08-10 17:57:26.127676+00
adapter-r01-v013,unknown,{},unknown variant,C:\Users\goldf\Posit\.posit\staging\batch-variants\adapter-r01-v013.dfy,f,0,0,0,2026-08-10 17:57:29.085179+00
adapter-r01-v014,unknown,{},unknown variant,C:\Users\goldf\Posit\.posit\staging\batch-variants\adapter-r01-v014.dfy,f,0,0,0,2026-08-10 17:57:32.070593+00
adapter-r01-v015,unknown,{},unknown variant,C:\Users\goldf\Posit\.posit\staging\batch-variants\adapter-r01-v015.dfy,f,0,0,0,2026-08-10 17:57:35.082623+00
adapter-r01-v016,unknown,{},unknown variant,C:\Users\goldf\Posit\.posit\staging\batch-variants\adapter-r01-v016.dfy,f,0,0,0,2026-08-10 17:57:37.994385+00
adapter-r01-v017,unknown,{},unknown variant,C:\Users\goldf\Posit\.posit\staging\batch-variants\adapter-r01-v017.dfy,f,0,0,0,2026-08-10 17:57:40.946785+00
adapter-r01-v018,unknown,{},unknown variant,C:\Users\goldf\Posit\.posit\staging\batch-variants\adapter-r01-v018.dfy,f,0,0,0,2026-08-10 17:57:43.9891+00
adapter-r01-v019,unknown,{},unknown variant,C:\Users\goldf\Posit\.posit\staging\batch-variants\adapter-r01-v019.dfy,f,0,0,0,2026-08-10 17:57:46.954382+00
adapter-r02-v000,unknown,{},unknown variant,C:\Users\goldf\Posit\.posit\staging\batch-variants\adapter-r02-v000.dfy,t,6,0,0,2026-08-10 17:57:57.652331+00
adapter-r02-v001,unknown,{},unknown variant,C:\Users\goldf\Posit\.posit\staging\batch-variants\adapter-r02-v001.dfy,t,8,0,0,2026-08-10 17:58:08.717211+00
adapter-r02-v002,unknown,{},unknown variant,C:\Users\goldf\Posit\.posit\staging\batch-variants\adapter-r02-v002.dfy,t,8,0,0,2026-08-10 17:58:19.8339+00
adapter-r02-v003,unknown,{},unknown variant,C:\Users\goldf\Posit\.posit\staging\batch-variants\adapter-r02-v003.dfy,t,6,0,0,2026-08-10 17:58:30.634139+00
adapter-r02-v004,unknown,{},unknown variant,C:\Users\goldf\Posit\.posit\staging\batch-variants\adapter-r02-v004.dfy,t,8,0,0,2026-08-10 17:58:41.510785+00
adapter-r02-v005,unknown,{},unknown variant,C:\Users\goldf\Posit\.posit\staging\batch-variants\adapter-r02-v005.dfy,t,8,0,0,2026-08-10 17:58:53.130657+00
adapter-r02-v006,unknown,{},unknown variant,C:\Users\goldf\Posit\.posit\staging\batch-variants\adapter-r02-v006.dfy,t,6,0,0,2026-08-10 17:59:04.356252+00
adapter-r02-v007,unknown,{},unknown variant,C:\Users\goldf\Posit\.posit\staging\batch-variants\adapter-r02-v007.dfy,t,8,0,0,2026-08-10 17:59:15.12507+00
adapter-r02-v008,unknown,{},unknown variant,C:\Users\goldf\Posit\.posit\staging\batch-variants\adapter-r02-v008.dfy,t,8,0,0,2026-08-10 17:59:26.718254+00
adapter-r02-v009,unknown,{},unknown variant,C:\Users\goldf\Posit\.posit\staging\batch-variants\adapter-r02-v009.dfy,t,6,0,0,2026-08-10 17:59:39.32585+00
adapter-r02-v010,unknown,{},unknown variant,C:\Users\goldf\Posit\.posit\staging\batch-variants\adapter-r02-v010.dfy,t,8,0,0,2026-08-10 17:59:53.881607+00
adapter-r02-v011,unknown,{},unknown variant,C:\Users\goldf\Posit\.posit\staging\batch-variants\adapter-r02-v011.dfy,t,8,0,0,2026-08-10 18:00:06.820505+00
adapter-r02-v012,unknown,{},unknown variant,C:\Users\goldf\Posit\.posit\staging\batch-variants\adapter-r02-v012.dfy,t,6,0,0,2026-08-10 18:00:19.403481+00
adapter-r02-v013,unknown,{},unknown variant,C:\Users\goldf\Posit\.posit\staging\batch-variants\adapter-r02-v013.dfy,t,8,0,0,2026-08-10 18:00:31.888313+00
adapter-r02-v014,unknown,{},unknown variant,C:\Users\goldf\Posit\.posit\staging\batch-variants\adapter-r02-v014.dfy,t,8,0,0,2026-08-10 18:00:44.399167+00
adapter-r02-v015,unknown,{},unknown variant,C:\Users\goldf\Posit\.posit\staging\batch-variants\adapter-r02-v015.dfy,t,6,0,0,2026-08-10 18:00:56.926173+00
adapter-r02-v016,unknown,{},unknown variant,C:\Users\goldf\Posit\.posit\staging\batch-variants\adapter-r02-v016.dfy,t,8,0,0,2026-08-10 18:01:09.690421+00
adapter-r02-v017,unknown,{},unknown variant,C:\Users\goldf\Posit\.posit\staging\batch-variants\adapter-r02-v017.dfy,t,8,0,0,2026-08-10 18:01:23.872694+00
adapter-r02-v018,unknown,{},unknown variant,C:\Users\goldf\Posit\.posit\staging\batch-variants\adapter-r02-v018.dfy,t,6,0,0,2026-08-10 18:01:36.25723+00
adapter-r02-v019,unknown,{},unknown variant,C:\Users\goldf\Posit\.posit\staging\batch-variants\adapter-r02-v019.dfy,t,8,0,0,2026-08-10 18:01:49.323769+00
adapter-r03-v000,unknown,{},unknown variant,C:\Users\goldf\Posit\.posit\staging\batch-variants\adapter-r03-v000.dfy,f,0,0,0,2026-08-10 18:01:52.239525+00
adapter-r03-v001,unknown,{},unknown variant,C:\Users\goldf\Posit\.posit\staging\batch-variants\adapter-r03-v001.dfy,f,0,0,0,2026-08-10 18:01:55.148051+00
adapter-r03-v002,unknown,{},unknown variant,C:\Users\goldf\Posit\.posit\staging\batch-variants\adapter-r03-v002.dfy,f,0,0,0,2026-08-10 18:01:58.188889+00
adapter-r03-v003,unknown,{},unknown variant,C:\Users\goldf\Posit\.posit\staging\batch-variants\adapter-r03-v003.dfy,f,0,0,0,2026-08-10 18:02:01.215447+00
adapter-r03-v004,unknown,{},unknown variant,C:\Users\goldf\Posit\.posit\staging\batch-variants\adapter-r03-v004.dfy,f,0,0,0,2026-08-10 18:02:04.162491+00
adapter-r03-v005,unknown,{},unknown variant,C:\Users\goldf\Posit\.posit\staging\batch-variants\adapter-r03-v005.dfy,f,0,0,0,2026-08-10 18:02:07.071675+00
adapter-r03-v006,unknown,{},unknown variant,C:\Users\goldf\Posit\.posit\staging\batch-variants\adapter-r03-v006.dfy,f,0,0,0,2026-08-10 18:02:10.099373+00
adapter-r03-v007,unknown,{},unknown variant,C:\Users\goldf\Posit\.posit\staging\batch-variants\adapter-r03-v007.dfy,f,0,0,0,2026-08-10 18:02:13.015086+00
adapter-r03-v008,unknown,{},unknown variant,C:\Users\goldf\Posit\.posit\staging\batch-variants\adapter-r03-v008.dfy,f,0,0,0,2026-08-10 18:02:15.918932+00
adapter-r03-v009,unknown,{},unknown variant,C:\Users\goldf\Posit\.posit\staging\batch-variants\adapter-r03-v009.dfy,f,0,0,0,2026-08-10 18:02:18.905307+00
adapter-r03-v010,unknown,{},unknown variant,C:\Users\goldf\Posit\.posit\staging\batch-variants\adapter-r03-v010.dfy,f,0,0,0,2026-08-10 18:02:21.790582+00
adapter-r03-v011,unknown,{},unknown variant,C:\Users\goldf\Posit\.posit\staging\batch-variants\adapter-r03-v011.dfy,f,0,0,0,2026-08-10 18:02:24.727896+00
adapter-r03-v012,unknown,{},unknown variant,C:\Users\goldf\Posit\.posit\staging\batch-variants\adapter-r03-v012.dfy,f,0,0,0,2026-08-10 18:02:27.615936+00
adapter-r03-v013,unknown,{},unknown variant,C:\Users\goldf\Posit\.posit\staging\batch-variants\adapter-r03-v013.dfy,f,0,0,0,2026-08-10 18:02:30.500252+00
adapter-r03-v014,unknown,{},unknown variant,C:\Users\goldf\Posit\.posit\staging\batch-variants\adapter-r03-v014.dfy,f,0,0,0,2026-08-10 18:02:33.477215+00
adapter-r03-v015,unknown,{},unknown variant,C:\Users\goldf\Posit\.posit\staging\batch-variants\adapter-r03-v015.dfy,f,0,0,0,2026-08-10 18:02:36.32745+00
adapter-r03-v016,unknown,{},unknown variant,C:\Users\goldf\Posit\.posit\staging\batch-variants\adapter-r03-v016.dfy,f,0,0,0,2026-08-10 18:02:39.266804+00
adapter-r03-v017,unknown,{},unknown variant,C:\Users\goldf\Posit\.posit\staging\batch-variants\adapter-r03-v017.dfy,f,0,0,0,2026-08-10 18:02:42.155766+00
adapter-r03-v018,unknown,{},unknown variant,C:\Users\goldf\Posit\.posit\staging\batch-variants\adapter-r03-v018.dfy,f,0,0,0,2026-08-10 18:02:45.121474+00
adapter-r03-v019,unknown,{},unknown variant,C:\Users\goldf\Posit\.posit\staging\batch-variants\adapter-r03-v019.dfy,f,0,0,0,2026-08-10 18:02:48.096269+00
adapter-v000,unknown,{},unknown variant,C:\Users\goldf\Posit\.posit\staging\batch-variants\adapter-v000.dfy,f,0,0,0,2026-08-10 18:02:55.891133+00
adapter-v001,unknown,{},unknown variant,C:\Users\goldf\Posit\.posit\staging\batch-variants\adapter-v001.dfy,f,0,0,0,2026-08-10 18:03:03.757373+00
adapter-v002,unknown,{},unknown variant,C:\Users\goldf\Posit\.posit\staging\batch-variants\adapter-v002.dfy,f,0,0,0,2026-08-10 18:03:11.468389+00
adapter-v003,unknown,{},unknown variant,C:\Users\goldf\Posit\.posit\staging\batch-variants\adapter-v003.dfy,f,0,0,0,2026-08-10 18:03:19.450609+00
adapter-v004,unknown,{},unknown variant,C:\Users\goldf\Posit\.posit\staging\batch-variants\adapter-v004.dfy,f,0,0,0,2026-08-10 18:03:27.069951+00
adapter-v005,unknown,{},unknown variant,C:\Users\goldf\Posit\.posit\staging\batch-variants\adapter-v005.dfy,f,0,0,0,2026-08-10 18:03:34.704363+00
adapter-v006,unknown,{},unknown variant,C:\Users\goldf\Posit\.posit\staging\batch-variants\adapter-v006.dfy,f,0,0,0,2026-08-10 18:03:42.772502+00
adapter-v007,unknown,{},unknown variant,C:\Users\goldf\Posit\.posit\staging\batch-variants\adapter-v007.dfy,f,0,0,0,2026-08-10 18:03:50.569608+00
adapter-v008,unknown,{},unknown variant,C:\Users\goldf\Posit\.posit\staging\batch-variants\adapter-v008.dfy,t,3,0,0,2026-08-10 18:04:01.223592+00
adapter-v009,unknown,{},unknown variant,C:\Users\goldf\Posit\.posit\staging\batch-variants\adapter-v009.dfy,t,5,0,0,2026-08-10 18:04:12.631781+00
adapter-v010,unknown,{},unknown variant,C:\Users\goldf\Posit\.posit\staging\batch-variants\adapter-v010.dfy,t,3,0,0,2026-08-10 18:04:23.164578+00
adapter-v011,unknown,{},unknown variant,C:\Users\goldf\Posit\.posit\staging\batch-variants\adapter-v011.dfy,t,2,0,0,2026-08-10 18:04:34.352337+00
adapter-v012,unknown,{},unknown variant,C:\Users\goldf\Posit\.posit\staging\batch-variants\adapter-v012.dfy,t,3,0,0,2026-08-10 18:04:45.039595+00
adapter-v013,unknown,{},unknown variant,C:\Users\goldf\Posit\.posit\staging\batch-variants\adapter-v013.dfy,t,3,0,0,2026-08-10 18:04:56.139947+00
adapter-v014,unknown,{},unknown variant,C:\Users\goldf\Posit\.posit\staging\batch-variants\adapter-v014.dfy,t,2,0,0,2026-08-10 18:05:06.810415+00
adapter-v015,unknown,{},unknown variant,C:\Users\goldf\Posit\.posit\staging\batch-variants\adapter-v015.dfy,t,3,0,0,2026-08-10 18:05:17.222767+00
adapter-v016,unknown,{},unknown variant,C:\Users\goldf\Posit\.posit\staging\batch-variants\adapter-v016.dfy,t,3,0,0,2026-08-10 18:05:28.012173+00
adapter-v017,unknown,{},unknown variant,C:\Users\goldf\Posit\.posit\staging\batch-variants\adapter-v017.dfy,t,2,0,0,2026-08-10 18:05:38.623371+00
adapter-v018,unknown,{},unknown variant,C:\Users\goldf\Posit\.posit\staging\batch-variants\adapter-v018.dfy,t,4,0,0,2026-08-10 18:05:49.19408+00
adapter-v019,unknown,{},unknown variant,C:\Users\goldf\Posit\.posit\staging\batch-variants\adapter-v019.dfy,f,0,0,0,2026-08-10 18:05:57.06774+00
cache,unknown,{},unknown variant,C:\Users\goldf\Posit\patterns\cache.dfy,t,6,0,0,2026-08-10 17:11:24.051048+00
cache-r01-v000,unknown,{},unknown variant,C:\Users\goldf\Posit\.posit\staging\batch-variants\cache-r01-v000.dfy,t,7,0,0,2026-08-10 18:24:41.617583+00
cache-r01-v001,unknown,{},unknown variant,C:\Users\goldf\Posit\.posit\staging\batch-variants\cache-r01-v001.dfy,t,1,0,0,2026-08-10 18:24:53.321456+00
cache-r01-v002,unknown,{},unknown variant,C:\Users\goldf\Posit\.posit\staging\batch-variants\cache-r01-v002.dfy,f,7,0,0,2026-08-10 18:25:05.556907+00
cache-r01-v003,unknown,{},unknown variant,C:\Users\goldf\Posit\.posit\staging\batch-variants\cache-r01-v003.dfy,f,5,0,0,2026-08-10 18:25:17.55129+00
cache-r01-v004,unknown,{},unknown variant,C:\Users\goldf\Posit\.posit\staging\batch-variants\cache-r01-v004.dfy,t,7,0,0,2026-08-10 18:25:29.831706+00
cache-r01-v005,unknown,{},unknown variant,C:\Users\goldf\Posit\.posit\staging\batch-variants\cache-r01-v005.dfy,t,7,0,0,2026-08-10 18:25:41.688225+00
cache-r01-v006,unknown,{},unknown variant,C:\Users\goldf\Posit\.posit\staging\batch-variants\cache-r01-v006.dfy,t,8,0,0,2026-08-10 18:25:54.199195+00
cache-r01-v007,unknown,{},unknown variant,C:\Users\goldf\Posit\.posit\staging\batch-variants\cache-r01-v007.dfy,f,5,0,0,2026-08-10 18:26:05.869771+00
cache-r01-v008,unknown,{},unknown variant,C:\Users\goldf\Posit\.posit\staging\batch-variants\cache-r01-v008.dfy,f,5,0,0,2026-08-10 18:26:17.271277+00
cache-r01-v009,unknown,{},unknown variant,C:\Users\goldf\Posit\.posit\staging\batch-variants\cache-r01-v009.dfy,f,5,0,0,2026-08-10 18:26:29.671753+00
cache-r01-v010,unknown,{},unknown variant,C:\Users\goldf\Posit\.posit\staging\batch-variants\cache-r01-v010.dfy,f,5,0,0,2026-08-10 18:26:41.915467+00
cache-r01-v011,unknown,{},unknown variant,C:\Users\goldf\Posit\.posit\staging\batch-variants\cache-r01-v011.dfy,f,4,0,0,2026-08-10 18:26:53.028807+00
cache-r02-v000,unknown,{},unknown variant,C:\Users\goldf\Posit\.posit\staging\batch-variants\cache-r02-v000.dfy,f,0,0,0,2026-08-10 18:26:55.99774+00
cache-r02-v001,unknown,{},unknown variant,C:\Users\goldf\Posit\.posit\staging\batch-variants\cache-r02-v001.dfy,f,8,0,0,2026-08-10 18:27:08.12607+00
cache-r02-v002,unknown,{},unknown variant,C:\Users\goldf\Posit\.posit\staging\batch-variants\cache-r02-v002.dfy,f,8,0,0,2026-08-10 18:27:19.912089+00
cache-r02-v003,unknown,{},unknown variant,C:\Users\goldf\Posit\.posit\staging\batch-variants\cache-r02-v003.dfy,f,7,0,0,2026-08-10 18:27:30.911244+00
cache-r02-v004,unknown,{},unknown variant,C:\Users\goldf\Posit\.posit\staging\batch-variants\cache-r02-v004.dfy,f,8,0,0,2026-08-10 18:27:42.257853+00
cache-r02-v005,unknown,{},unknown variant,C:\Users\goldf\Posit\.posit\staging\batch-variants\cache-r02-v005.dfy,f,9,0,0,2026-08-10 18:27:53.12091+00
cache-r02-v006,unknown,{},unknown variant,C:\Users\goldf\Posit\.posit\staging\batch-variants\cache-r02-v006.dfy,f,9,0,0,2026-08-10 18:28:04.814654+00
cache-r02-v007,unknown,{},unknown variant,C:\Users\goldf\Posit\.posit\staging\batch-variants\cache-r02-v007.dfy,f,7,0,0,2026-08-10 18:28:16.657736+00
cache-r02-v008,unknown,{},unknown variant,C:\Users\goldf\Posit\.posit\staging\batch-variants\cache-r02-v008.dfy,f,8,0,0,2026-08-10 18:28:27.507791+00
cache-r02-v009,unknown,{},unknown variant,C:\Users\goldf\Posit\.posit\staging\batch-variants\cache-r02-v009.dfy,f,9,0,0,2026-08-10 18:28:38.788593+00
cache-r02-v010,unknown,{},unknown variant,C:\Users\goldf\Posit\.posit\staging\batch-variants\cache-r02-v010.dfy,f,9,0,0,2026-08-10 18:28:49.956125+00
cache-r02-v011,unknown,{},unknown variant,C:\Users\goldf\Posit\.posit\staging\batch-variants\cache-r02-v011.dfy,f,7,0,0,2026-08-10 18:29:01.220496+00
cache-v000,unknown,{},unknown variant,C:\Users\goldf\Posit\.posit\staging\batch-variants\cache-v000.dfy,f,7,0,0,2026-08-10 18:29:13.086361+00
cache-v001,unknown,{},unknown variant,C:\Users\goldf\Posit\.posit\staging\batch-variants\cache-v001.dfy,t,6,0,0,2026-08-10 18:29:23.936688+00
cache-v002,unknown,{},unknown variant,C:\Users\goldf\Posit\.posit\staging\batch-variants\cache-v002.dfy,f,7,0,0,2026-08-10 18:29:35.384491+00
cache-v003,unknown,{},unknown variant,C:\Users\goldf\Posit\.posit\staging\batch-variants\cache-v003.dfy,f,7,0,0,2026-08-10 18:29:47.639895+00
cache-v004,unknown,{},unknown variant,C:\Users\goldf\Posit\.posit\staging\batch-variants\cache-v004.dfy,t,6,0,0,2026-08-10 18:29:58.491068+00
cache-v005,unknown,{},unknown variant,C:\Users\goldf\Posit\.posit\staging\batch-variants\cache-v005.dfy,f,7,0,0,2026-08-10 18:30:10.223555+00
cache-v006,unknown,{},unknown variant,C:\Users\goldf\Posit\.posit\staging\batch-variants\cache-v006.dfy,t,6,0,0,2026-08-10 18:30:21.211604+00
cache-v007,unknown,{},unknown variant,C:\Users\goldf\Posit\.posit\staging\batch-variants\cache-v007.dfy,t,6,0,0,2026-08-10 18:30:32.160523+00
cache-v008,unknown,{},unknown variant,C:\Users\goldf\Posit\.posit\staging\batch-variants\cache-v008.dfy,t,6,0,0,2026-08-10 18:30:43.394852+00
cache-v009,unknown,{},unknown variant,C:\Users\goldf\Posit\.posit\staging\batch-variants\cache-v009.dfy,t,6,0,0,2026-08-10 18:30:54.985401+00
cache-v010,unknown,{},unknown variant,C:\Users\goldf\Posit\.posit\staging\batch-variants\cache-v010.dfy,t,6,0,0,2026-08-10 18:31:06.687719+00
cache-v011,unknown,{},unknown variant,C:\Users\goldf\Posit\.posit\staging\batch-variants\cache-v011.dfy,t,6,0,0,2026-08-10 18:31:18.516781+00
dafny-reference-card,unknown,{},unknown variant,C:\Users\goldf\Posit\patterns\dafny-reference-card.dfy,t,9,0,0,2026-08-10 17:11:35.960825+00
filter,unknown,{},unknown variant,C:\Users\goldf\Posit\patterns\filter.dfy,t,10,0,0,2026-08-10 17:11:48.320558+00
graph,unknown,{},unknown variant,C:\Users\goldf\Posit\patterns\graph.dfy,t,13,0,0,2026-08-10 17:12:12.014669+00
observer,unknown,{},unknown variant,C:\Users\goldf\Posit\patterns\observer.dfy,t,7,0,0,2026-08-10 17:12:40.836971+00
pipeline,unknown,{},unknown variant,C:\Users\goldf\Posit\patterns\pipeline.dfy,t,10,0,0,2026-08-10 17:13:13.929596+00
reducer,unknown,{},unknown variant,C:\Users\goldf\Posit\patterns\reducer.dfy,t,6,0,0,2026-08-10 17:13:31.276742+00
scheduler,unknown,{},unknown variant,C:\Users\goldf\Posit\patterns\scheduler.dfy,t,9,0,0,2026-08-10 17:14:08.75503+00
strategy,unknown,{},unknown variant,C:\Users\goldf\Posit\patterns\strategy.dfy,t,8,0,0,2026-08-10 17:14:37.230938+00
validator,validator,{},validator variant,C:\Users\goldf\Posit\patterns\validator.dfy,t,7,0,0,2026-08-10 17:15:06.401399+00
